FSA,PRUID,CSDUID
G0A,"24","2421904"
G0C,"24","2405902"
G0E,"24","2404015"
G0G,"24","2498904"
G0H,"24","2497022"
G0J,"24","2407908"
G0K,"24","2410902"
G0L,"24","2413090"
G0M,"24","2429005"
G0N,"24","2431056"
G0P,"24","2439043"
G0R,"24","2418025"
G0S,"24","2433040"
G0T,"24","2495018"
G0V,"24","2494930"
G0W,"24","2492904"
G0X,"24","2490012"
G0Y,"24","2430040"
G0Z,"24","2439152"
G1B,"24","2423027"
G1C,"24","2423027"
G1E,"24","2423027"
G1G,"24","2423027"
G1H,"24","2423027"
G1J,"24","2423027"
G1K,"24","2423015"
G1L,"24","2423027"
G1M,"24","2423027"
G1N,"24","2423027"
G1P,"24","2423027"
G1R,"24","2423027"
G1S,"24","2423027"
G1T,"24","2423027"
G1V,"24","2423027"
G1W,"24","2423027"
G1X,"24","2423027"
G1Y,"24","2423027"
G2A,"24","2423027"
G2B,"24","2423027"
G2C,"24","2423027"
G2E,"24","2423057"
G2G,"24","2423027"
G2J,"24","2423027"
G2K,"24","2423027"
G2L,"24","2423027"
G2M,"24","2423027"
G2N,"24","2423027"
G3A,"24","2423072"
G3B,"24","2422040"
G3C,"24","2422035"
G3E,"24","2423027"
G3G,"24","2423027"
G3H,"24","2434017"
G3J,"24","2423027"
G3K,"24","2423027"
G3L,"24","2434128"
G3M,"24","2434025"
G3N,"24","2422015"
G3S,"24","2422025"
G3Z,"24","2416013"
G4A,"24","2415035"
G4R,"24","2497904"
G4S,"24","2497007"
G4T,"24","2401023"
G4V,"24","2404902"
G4W,"24","2408053"
G4X,"24","2403902"
G4Z,"24","2496902"
G5A,"24","2415013"
G5B,"24","2497022"
G5C,"24","2496020"
G5H,"24","2409070"
G5J,"24","2407047"
G5L,"24","2410043"
G5M,"24","2410043"
G5N,"24","2410043"
G5R,"24","2412072"
G5T,"24","2413005"
G5V,"24","2418050"
G5X,"24","2427028"
G5Y,"24","2429073"
G5Z,"24","2429073"
G6A,"24","2429073"
G6B,"24","2430025"
G6C,"24","2425213"
G6E,"24","2426030"
G6G,"24","2431084"
G6H,"24","2431040"
G6J,"24","2425213"
G6K,"24","2425213"
G6L,"24","2432033"
G6P,"24","2439062"
G6R,"24","2439060"
G6S,"24","2439060"
G6T,"24","2439062"
G6V,"24","2425213"
G6W,"24","2425213"
G6X,"24","2425213"
G6Y,"24","2425213"
G6Z,"24","2425213"
G7A,"24","2425213"
G7B,"24","2494068"
G7G,"24","2494068"
G7H,"24","2494068"
G7J,"24","2494068"
G7K,"24","2494068"
G7N,"24","2494928"
G7P,"24","2494255"
G7S,"24","2494068"
G7T,"24","2494068"
G7X,"24","2494068"
G7Y,"24","2494068"
G7Z,"24","2494068"
G8A,"24","2494068"
G8B,"24","2493042"
G8C,"24","2493042"
G8E,"24","2493042"
G8G,"24","2493012"
G8H,"24","2491025"
G8J,"24","2491902"
G8K,"24","2491042"
G8L,"24","2492902"
G8M,"24","2492030"
G8N,"24","2493908"
G8P,"24","2499025"
G8T,"24","2437067"
G8V,"24","2437067"
G8W,"24","2437067"
G8Y,"24","2437067"
G8Z,"24","2437067"
G9A,"24","2437067"
G9B,"24","2437067"
G9C,"24","2437067"
G9H,"24","2438010"
G9N,"24","2436033"
G9P,"24","2436033"
G9R,"24","2436033"
G9T,"24","2436033"
G9X,"24","2490012"
H1A,"24","2466023"
H1B,"24","2466007"
H1C,"24","2466023"
H1E,"24","2466023"
H1G,"24","2466023"
H1H,"24","2466023"
H1J,"24","2466023"
H1K,"24","2466023"
H1L,"24","2466023"
H1M,"24","2466023"
H1N,"24","2466023"
H1P,"24","2466023"
H1R,"24","2466023"
H1S,"24","2466023"
H1T,"24","2466023"
H1V,"24","2466023"
H1W,"24","2466023"
H1X,"24","2466023"
H1Y,"24","2466023"
H1Z,"24","2466023"
H2A,"24","2466023"
H2B,"24","2466023"
H2C,"24","2466023"
H2E,"24","2466023"
H2G,"24","2466023"
H2H,"24","2466023"
H2J,"24","2466023"
H2K,"24","2466023"
H2L,"24","2466023"
H2M,"24","2466023"
H2N,"24","2466023"
H2P,"24","2466023"
H2R,"24","2466023"
H2S,"24","2466023"
H2T,"24","2466023"
H2V,"24","2466023"
H2W,"24","2466023"
H2X,"24","2466023"
H2Y,"24","2466023"
H2Z,"24","2466023"
H3A,"24","2466023"
H3B,"24","2466023"
H3C,"24","2466023"
H3E,"24","2466023"
H3G,"24","2466023"
H3H,"24","2466023"
H3J,"24","2466023"
H3K,"24","2466023"
H3L,"24","2466023"
H3M,"24","2466023"
H3N,"24","2466023"
H3P,"24","2466072"
H3R,"24","2466072"
H3S,"24","2466023"
H3T,"24","2466023"
H3V,"24","2466023"
H3W,"24","2466023"
H3X,"24","2466062"
H3Y,"24","2466032"
H3Z,"24","2466032"
H4A,"24","2466023"
H4B,"24","2466023"
H4C,"24","2466023"
H4E,"24","2466023"
H4G,"24","2466023"
H4H,"24","2466023"
H4J,"24","2466023"
H4K,"24","2466023"
H4L,"24","2466023"
H4M,"24","2466023"
H4N,"24","2466023"
H4P,"24","2466072"
H4R,"24","2466023"
H4S,"24","2466023"
H4T,"24","2466023"
H4V,"24","2466023"
H4W,"24","2466058"
H4X,"24","2466047"
H7A,"24","2465005"
H7B,"24","2465005"
H7C,"24","2465005"
H7E,"24","2465005"
H7G,"24","2465005"
H7H,"24","2465005"
H7J,"24","2465005"
H7K,"24","2465005"
H7L,"24","2465005"
H7M,"24","2465005"
H7N,"24","2465005"
H7P,"24","2465005"
H7R,"24","2465005"
H7S,"24","2465005"
H7T,"24","2465005"
H7V,"24","2465005"
H7W,"24","2465005"
H7X,"24","2465005"
H7Y,"24","2465005"
H8N,"24","2466023"
H8P,"24","2466023"
H8R,"24","2466023"
H8S,"24","2466023"
H8T,"24","2466023"
H8Y,"24","2466023"
H8Z,"24","2466023"
H9A,"24","2466142"
H9B,"24","2466142"
H9C,"24","2466023"
H9E,"24","2466023"
H9G,"24","2466142"
H9H,"24","2466023"
H9J,"24","2466102"
H9K,"24","2466023"
H9P,"24","2466087"
H9R,"24","2466097"
H9S,"24","2466097"
H9W,"24","2466107"
H9X,"24","2466117"
J0A,"24","2439025"
J0B,"24","2441038"
J0C,"24","2449100"
J0E,"24","2445100"
J0G,"24","2453085"
J0H,"24","2448028"
J0J,"24","2446100"
J0K,"24","2462085"
J0L,"24","2468050"
J0M,"24","2499814"
J0N,"24","2473035"
J0P,"24","2471110"
J0R,"24","2477043"
J0S,"24","2469037"
J0T,"24","2462060"
J0V,"24","2480095"
J0W,"24","2479097"
J0X,"24","2484902"
J0Y,"24","2499060"
J0Z,"24","2485065"
J1A,"24","2444037"
J1C,"24","2443027"
J1E,"24","2443027"
J1G,"24","2443027"
J1H,"24","2443027"
J1J,"24","2443027"
J1K,"24","2443027"
J1L,"24","2443027"
J1M,"24","2443027"
J1N,"24","2443027"
J1R,"24","2443027"
J1S,"24","2442095"
J1T,"24","2440043"
J1X,"24","2445072"
J1Z,"24","2449070"
J2A,"24","2449058"
J2B,"24","2449095"
J2C,"24","2449058"
J2E,"24","2449058"
J2G,"24","2447017"
J2H,"24","2447017"
J2J,"24","2447017"
J2K,"24","2446085"
J2L,"24","2446078"
J2M,"24","2447035"
J2N,"24","2446112"
J2R,"24","2454048"
J2S,"24","2454048"
J2T,"24","2454048"
J2W,"24","2456083"
J2X,"24","2456083"
J2Y,"24","2456083"
J3A,"24","2456083"
J3B,"24","2456083"
J3E,"24","2459010"
J3G,"24","2457045"
J3H,"24","2457035"
J3L,"24","2457005"
J3M,"24","2455048"
J3N,"24","2457020"
J3P,"24","2453065"
J3R,"24","2453052"
J3T,"24","2450072"
J3V,"24","2458037"
J3X,"24","2459020"
J3Y,"24","2458227"
J3Z,"24","2458227"
J4B,"24","2458033"
J4G,"24","2458227"
J4H,"24","2458227"
J4J,"24","2458227"
J4K,"24","2458227"
J4L,"24","2458227"
J4M,"24","2458227"
J4N,"24","2458227"
J4P,"24","2458012"
J4R,"24","2458012"
J4S,"24","2458012"
J4T,"24","2458227"
J4V,"24","2458227"
J4W,"24","2458007"
J4X,"24","2458007"
J4Y,"24","2458007"
J4Z,"24","2458007"
J5A,"24","2467035"
J5B,"24","2467025"
J5C,"24","2467030"
J5J,"24","2475028"
J5K,"24","2475005"
J5L,"24","2475017"
J5M,"24","2463048"
J5R,"24","2467020"
J5T,"24","2452007"
J5V,"24","2451015"
J5W,"24","2460028"
J5X,"24","2460037"
J5Y,"24","2460013"
J5Z,"24","2460013"
J6A,"24","2460013"
J6E,"24","2461025"
J6J,"24","2467050"
J6K,"24","2467050"
J6N,"24","2470022"
J6R,"24","2467045"
J6S,"24","2470052"
J6T,"24","2470052"
J6V,"24","2464008"
J6W,"24","2464008"
J6X,"24","2464008"
J6Y,"24","2464008"
J6Z,"24","2473025"
J7A,"24","2473020"
J7B,"24","2473015"
J7C,"24","2473015"
J7E,"24","2473010"
J7G,"24","2473005"
J7H,"24","2473005"
J7J,"24","2474005"
J7K,"24","2464015"
J7L,"24","2464015"
J7M,"24","2464008"
J7N,"24","2474005"
J7P,"24","2472005"
J7R,"24","2472005"
J7T,"24","2471050"
J7V,"24","2471065"
J7W,"24","2471070"
J7X,"24","2471033"
J7Y,"24","2475017"
J7Z,"24","2475017"
J8A,"24","2475045"
J8B,"24","2477022"
J8C,"24","2478032"
J8E,"24","2478102"
J8G,"24","2476065"
J8H,"24","2476035"
J8L,"24","2482005"
J8M,"24","2481017"
J8N,"24","2482015"
J8P,"24","2481017"
J8R,"24","2481017"
J8T,"24","2481017"
J8V,"24","2482020"
J8X,"24","2481017"
J8Y,"24","2481017"
J8Z,"24","2481017"
J9A,"24","2481017"
J9B,"24","2482025"
J9E,"24","2483070"
J9H,"24","2481017"
J9J,"24","2481017"
J9L,"24","2479088"
J9P,"24","2489008"
J9T,"24","2488055"
J9V,"24","2485030"
J9X,"24","2486042"
J9Y,"24","2486042"
J9Z,"24","2487090"
K0A,"35","3509030"
K0B,"35","3502025"
K0C,"35","3501011"
K0E,"35","3507042"
K0G,"35","3509039"
K0H,"35","3510035"
K0J,"35","3547033"
K0K,"35","3512026"
K0L,"35","3515037"
K0M,"35","3546015"
K1A,"35","3506008"
K1B,"35","3506008"
K1C,"35","3506008"
K1E,"35","3506008"
K1G,"35","3506008"
K1H,"35","3506008"
K1J,"35","3506008"
K1K,"35","3506008"
K1L,"35","3506008"
K1M,"35","3506008"
K1N,"35","3506008"
K1P,"35","3506008"
K1R,"35","3506008"
K1S,"35","3506008"
K1T,"35","3506008"
K1V,"35","3506008"
K1W,"35","3506008"
K1X,"35","3506008"
K1Y,"35","3506008"
K1Z,"35","3506008"
K2A,"35","3506008"
K2B,"35","3506008"
K2C,"35","3506008"
K2E,"35","3506008"
K2G,"35","3506008"
K2H,"35","3506008"
K2J,"35","3506008"
K2K,"35","3506008"
K2L,"35","3506008"
K2M,"35","3506008"
K2P,"35","3506008"
K2R,"35","3506008"
K2S,"35","3506008"
K2T,"35","3506008"
K2V,"35","3506008"
K2W,"35","3506008"
K4A,"35","3506008"
K4B,"35","3506008"
K4C,"35","3506008"
K4K,"35","3502036"
K4M,"35","3506008"
K4P,"35","3506008"
K4R,"35","3502048"
K6A,"35","3502001"
K6H,"35","3501005"
K6J,"35","3501012"
K6K,"35","3501012"
K6T,"35","3507014"
K6V,"35","3507014"
K7A,"35","3509001"
K7C,"35","3509024"
K7G,"35","3507021"
K7H,"35","3509015"
K7K,"35","3510010"
K7L,"35","3510010"
K7M,"35","3510010"
K7N,"35","3511005"
K7P,"35","3510010"
K7R,"35","3511015"
K7S,"35","3547003"
K7V,"35","3547043"
K8A,"35","3547075"
K8B,"35","3547075"
K8H,"35","3547076"
K8N,"35","3512005"
K8P,"35","3512005"
K8R,"35","3512015"
K8V,"35","3512015"
K9A,"35","3514019"
K9H,"35","3515014"
K9J,"35","3515015"
K9K,"35","3515014"
K9L,"35","3515014"
K9V,"35","3516010"
L0A,"35","3515013"
L0B,"35","3518020"
L0C,"35","3518039"
L0E,"35","3519070"
L0G,"35","3543007"
L0H,"35","3518001"
L0J,"35","3519028"
L0K,"35","3544065"
L0L,"35","3543023"
L0M,"35","3543005"
L0N,"35","3523017"
L0P,"35","3524009"
L0R,"35","3526021"
L0S,"35","3526003"
L1A,"35","3514020"
L1B,"35","3518017"
L1C,"35","3518017"
L1E,"35","3518017"
L1G,"35","3518013"
L1H,"35","3518013"
L1J,"35","3518013"
L1K,"35","3518013"
L1L,"35","3518013"
L1M,"35","3518009"
L1N,"35","3518009"
L1P,"35","3518009"
L1R,"35","3518009"
L1S,"35","3518005"
L1T,"35","3518005"
L1V,"35","3518001"
L1W,"35","3518001"
L1X,"35","3518001"
L1Y,"35","3518001"
L1Z,"35","3518005"
L2A,"35","3526003"
L2E,"35","3526043"
L2G,"35","3526043"
L2H,"35","3526043"
L2J,"35","3526043"
L2M,"35","3526053"
L2N,"35","3526053"
L2P,"35","3526053"
L2R,"35","3526053"
L2S,"35","3526053"
L2T,"35","3526053"
L2V,"35","3526037"
L2W,"35","3526053"
L3B,"35","3526043"
L3C,"35","3526032"
L3K,"35","3526011"
L3L,"35","3519028"
L3M,"35","3526065"
L3P,"35","3519036"
L3R,"35","3519036"
L3S,"35","3519036"
L3T,"35","3519036"
L3V,"35","3543052"
L3X,"35","3519048"
L3Y,"35","3519048"
L3Z,"35","3543014"
L4A,"35","3519044"
L4B,"35","3519038"
L4C,"35","3519038"
L4E,"35","3519038"
L4G,"35","3519046"
L4H,"35","3519028"
L4J,"35","3519028"
L4K,"35","3519028"
L4L,"35","3519028"
L4M,"35","3543023"
L4N,"35","3543042"
L4P,"35","3519070"
L4R,"35","3543074"
L4S,"35","3519038"
L4T,"35","3521005"
L4V,"35","3521005"
L4W,"35","3521005"
L4X,"35","3521005"
L4Y,"35","3521005"
L4Z,"35","3521005"
L5A,"35","3521005"
L5B,"35","3521005"
L5C,"35","3521005"
L5E,"35","3521005"
L5G,"35","3521005"
L5H,"35","3521005"
L5J,"35","3521005"
L5K,"35","3521005"
L5L,"35","3521005"
L5M,"35","3521005"
L5N,"35","3521005"
L5R,"35","3521005"
L5S,"35","3521005"
L5T,"35","3521005"
L5V,"35","3521005"
L5W,"35","3521005"
L6A,"35","3519028"
L6B,"35","3519036"
L6C,"35","3519036"
L6E,"35","3519036"
L6G,"35","3519036"
L6H,"35","3524001"
L6J,"35","3524001"
L6K,"35","3524001"
L6L,"35","3524001"
L6M,"35","3524001"
L6P,"35","3521010"
L6R,"35","3521010"
L6S,"35","3521010"
L6T,"35","3521010"
L6V,"35","3521010"
L6W,"35","3521010"
L6X,"35","3521010"
L6Y,"35","3521010"
L6Z,"35","3521010"
L7A,"35","3521010"
L7B,"35","3519049"
L7C,"35","3521024"
L7E,"35","3521024"
L7G,"35","3524015"
L7J,"35","3524015"
L7K,"35","3521024"
L7L,"35","3524002"
L7M,"35","3524002"
L7N,"35","3524002"
L7P,"35","3524002"
L7R,"35","3524002"
L7S,"35","3524002"
L7T,"35","3524002"
L8B,"35","3525005"
L8E,"35","3525005"
L8G,"35","3525005"
L8H,"35","3525005"
L8J,"35","3525005"
L8K,"35","3525005"
L8L,"35","3525005"
L8M,"35","3525005"
L8N,"35","3525005"
L8P,"35","3525005"
L8R,"35","3525005"
L8S,"35","3525005"
L8T,"35","3525005"
L8V,"35","3525005"
L8W,"35","3525005"
L9A,"35","3525005"
L9B,"35","3525005"
L9C,"35","3525005"
L9E,"35","3524009"
L9G,"35","3525005"
L9H,"35","3525005"
L9J,"35","3543042"
L9K,"35","3525005"
L9L,"35","3518020"
L9M,"35","3543068"
L9N,"35","3519054"
L9P,"35","3518029"
L9R,"35","3543003"
L9S,"35","3543017"
L9T,"35","3524009"
L9V,"35","3522019"
L9W,"35","3522008"
L9X,"35","3543009"
L9Y,"35","3542045"
L9Z,"35","3543064"
M1B,"35","3520005"
M1C,"35","3520005"
M1E,"35","3520005"
M1G,"35","3520005"
M1H,"35","3520005"
M1J,"35","3520005"
M1K,"35","3520005"
M1L,"35","3520005"
M1M,"35","3520005"
M1N,"35","3520005"
M1P,"35","3520005"
M1R,"35","3520005"
M1S,"35","3520005"
M1T,"35","3520005"
M1V,"35","3520005"
M1W,"35","3520005"
M1X,"35","3520005"
M2H,"35","3520005"
M2J,"35","3520005"
M2K,"35","3520005"
M2L,"35","3520005"
M2M,"35","3520005"
M2N,"35","3520005"
M2P,"35","3520005"
M2R,"35","3520005"
M3A,"35","3520005"
M3B,"35","3520005"
M3C,"35","3520005"
M3H,"35","3520005"
M3J,"35","3520005"
M3K,"35","3520005"
M3L,"35","3520005"
M3M,"35","3520005"
M3N,"35","3520005"
M4A,"35","3520005"
M4B,"35","3520005"
M4C,"35","3520005"
M4E,"35","3520005"
M4G,"35","3520005"
M4H,"35","3520005"
M4J,"35","3520005"
M4K,"35","3520005"
M4L,"35","3520005"
M4M,"35","3520005"
M4N,"35","3520005"
M4P,"35","3520005"
M4R,"35","3520005"
M4S,"35","3520005"
M4T,"35","3520005"
M4V,"35","3520005"
M4W,"35","3520005"
M4X,"35","3520005"
M4Y,"35","3520005"
M5A,"35","3520005"
M5B,"35","3520005"
M5C,"35","3520005"
M5E,"35","3520005"
M5G,"35","3520005"
M5H,"35","3520005"
M5J,"35","3520005"
M5M,"35","3520005"
M5N,"35","3520005"
M5P,"35","3520005"
M5R,"35","3520005"
M5S,"35","3520005"
M5T,"35","3520005"
M5V,"35","3520005"
M6A,"35","3520005"
M6B,"35","3520005"
M6C,"35","3520005"
M6E,"35","3520005"
M6G,"35","3520005"
M6H,"35","3520005"
M6J,"35","3520005"
M6K,"35","3520005"
M6L,"35","3520005"
M6M,"35","3520005"
M6N,"35","3520005"
M6P,"35","3520005"
M6R,"35","3520005"
M6S,"35","3520005"
M8V,"35","3520005"
M8W,"35","3520005"
M8X,"35","3520005"
M8Y,"35","3520005"
M8Z,"35","3520005"
M9A,"35","3520005"
M9B,"35","3520005"
M9C,"35","3520005"
M9L,"35","3520005"
M9M,"35","3520005"
M9N,"35","3520005"
M9P,"35","3520005"
M9R,"35","3520005"
M9V,"35","3520005"
M9W,"35","3520005"
N0A,"35","3528018"
N0B,"35","3530035"
N0C,"35","3542015"
N0E,"35","3528052"
N0G,"35","3541004"
N0H,"35","3542053"
N0J,"35","3532002"
N0K,"35","3531025"
N0L,"35","3534030"
N0M,"35","3540005"
N0N,"35","3538035"
N0P,"35","3536020"
N0R,"35","3537013"
N1A,"35","3528018"
N1C,"35","3523008"
N1E,"35","3523008"
N1G,"35","3523008"
N1H,"35","3523009"
N1K,"35","3523008"
N1L,"35","3523008"
N1M,"35","3523025"
N1P,"35","3530010"
N1R,"35","3525005"
N1S,"35","3530010"
N1T,"35","3530010"
N2A,"35","3530013"
N2B,"35","3530013"
N2C,"35","3530013"
N2E,"35","3530013"
N2G,"35","3530013"
N2H,"35","3530013"
N2J,"35","3530035"
N2K,"35","3530016"
N2L,"35","3530016"
N2M,"35","3530013"
N2N,"35","3530013"
N2P,"35","3530013"
N2R,"35","3530013"
N2T,"35","3530016"
N2V,"35","3530016"
N2Z,"35","3541024"
N3A,"35","3530020"
N3B,"35","3530035"
N3C,"35","3523001"
N3E,"35","3530010"
N3H,"35","3530010"
N3L,"35","3529005"
N3P,"35","3529006"
N3R,"35","3529006"
N3S,"35","3529006"
N3T,"35","3529005"
N3V,"35","3529006"
N3W,"35","3528018"
N3Y,"35","3528052"
N4B,"35","3528052"
N4G,"35","3532004"
N4K,"35","3542047"
N4L,"35","3542047"
N4N,"35","3542004"
N4S,"35","3532002"
N4T,"35","3532042"
N4V,"35","3532042"
N4W,"35","3531040"
N4X,"35","3531013"
N4Z,"35","3531011"
N5A,"35","3531030"
N5C,"35","3532018"
N5H,"35","3534010"
N5L,"35","3534020"
N5P,"35","3534020"
N5R,"35","3534020"
N5V,"35","3539036"
N5W,"35","3539036"
N5X,"35","3539036"
N5Y,"35","3539036"
N5Z,"35","3539036"
N6A,"35","3539036"
N6B,"35","3539036"
N6C,"35","3539036"
N6E,"35","3539036"
N6G,"35","3539036"
N6H,"35","3539036"
N6J,"35","3539036"
N6K,"35","3539036"
N6L,"35","3539036"
N6M,"35","3539036"
N6N,"35","3539036"
N6P,"35","3539033"
N7A,"35","3540063"
N7G,"35","3539015"
N7L,"35","3536020"
N7M,"35","3536020"
N7S,"35","3538030"
N7T,"35","3538030"
N7V,"35","3538030"
N7W,"35","3538030"
N7X,"35","3538030"
N8A,"35","3536020"
N8H,"35","3537003"
N8M,"35","3537016"
N8N,"35","3537064"
N8P,"35","3537039"
N8R,"35","3537039"
N8S,"35","3537039"
N8T,"35","3537039"
N8W,"35","3537039"
N8X,"35","3537039"
N8Y,"35","3537039"
N9A,"35","3537039"
N9B,"35","3537039"
N9C,"35","3537039"
N9E,"35","3537039"
N9G,"35","3537039"
N9H,"35","3537034"
N9J,"35","3537034"
N9K,"35","3537064"
N9V,"35","3537028"
N9Y,"35","3537013"
P0A,"35","3549043"
P0B,"35","3544053"
P0C,"35","3549005"
P0E,"35","3543015"
P0G,"35","3549036"
P0H,"35","3548013"
P0J,"35","3554042"
P0K,"35","3556092"
P0L,"35","3556092"
P0M,"35","3552093"
P0N,"35","3556027"
P0P,"35","3551021"
P0R,"35","3557095"
P0S,"35","3557095"
P0T,"35","3558090"
P0V,"35","3560090"
P0W,"35","3559090"
P0X,"35","3560090"
P0Y,"35","3560090"
P1A,"35","3548044"
P1B,"35","3548094"
P1C,"35","3548044"
P1H,"35","3544042"
P1L,"35","3544018"
P1P,"35","3544002"
P2A,"35","3549003"
P2B,"35","3548055"
P2N,"35","3554068"
P3A,"35","3553005"
P3B,"35","3553005"
P3C,"35","3553005"
P3E,"35","3552093"
P3G,"35","3553005"
P3L,"35","3553005"
P3N,"35","3553005"
P3P,"35","3553005"
P3Y,"35","3553005"
P4N,"35","3556027"
P4P,"35","3556027"
P4R,"35","3556027"
P5A,"35","3557041"
P5E,"35","3552026"
P5N,"35","3556066"
P6A,"35","3557061"
P6B,"35","3557061"
P6C,"35","3557061"
P7A,"35","3558090"
P7B,"35","3558004"
P7C,"35","3558004"
P7E,"35","3558004"
P7G,"35","3558090"
P7J,"35","3558004"
P7K,"35","3558011"
P7L,"35","3558001"
P8N,"35","3560090"
P8T,"35","3560034"
P9A,"35","3559011"
P9N,"35","3560010"
